-- MySQL dump 10.13  Distrib 8.0.21, for Win64 (x86_64)
--
-- Host: localhost    Database: tianyanchadb
-- ------------------------------------------------------
-- Server version	8.0.21

/*!40101 SET @OLD_CHARACTER_SET_CLIENT=@@CHARACTER_SET_CLIENT */;
/*!40101 SET @OLD_CHARACTER_SET_RESULTS=@@CHARACTER_SET_RESULTS */;
/*!40101 SET @OLD_COLLATION_CONNECTION=@@COLLATION_CONNECTION */;
/*!50503 SET NAMES utf8 */;
/*!40103 SET @OLD_TIME_ZONE=@@TIME_ZONE */;
/*!40103 SET TIME_ZONE='+00:00' */;
/*!40014 SET @OLD_UNIQUE_CHECKS=@@UNIQUE_CHECKS, UNIQUE_CHECKS=0 */;
/*!40014 SET @OLD_FOREIGN_KEY_CHECKS=@@FOREIGN_KEY_CHECKS, FOREIGN_KEY_CHECKS=0 */;
/*!40101 SET @OLD_SQL_MODE=@@SQL_MODE, SQL_MODE='NO_AUTO_VALUE_ON_ZERO' */;
/*!40111 SET @OLD_SQL_NOTES=@@SQL_NOTES, SQL_NOTES=0 */;

--
-- Table structure for table `company`
--

DROP TABLE IF EXISTS `company`;
/*!40101 SET @saved_cs_client     = @@character_set_client */;
/*!50503 SET character_set_client = utf8mb4 */;
CREATE TABLE `company` (
  `company_id` varchar(20) NOT NULL,
  `company_name` varchar(50) NOT NULL,
  `mod_time` datetime DEFAULT CURRENT_TIMESTAMP,
  PRIMARY KEY (`company_id`)
) ENGINE=InnoDB DEFAULT CHARSET=utf8;
/*!40101 SET character_set_client = @saved_cs_client */;

--
-- Dumping data for table `company`
--

LOCK TABLES `company` WRITE;
/*!40000 ALTER TABLE `company` DISABLE KEYS */;
INSERT INTO `company` VALUES ('10614417','云南白药医药科技（北京）有限公司','2021-01-15 05:09:04'),('10614474','云南白药集团股份有限公司','2021-01-15 05:09:04'),('1106425309','云南白药大药房有限公司景洪连锁店','2021-01-15 05:09:04'),('1173067705','云南白药集团无锡药业有限公司','2021-01-15 05:09:04'),('1336659352','云南白药大药房有限公司保山连锁店','2021-01-15 05:09:04'),('1377490375','云南白药大药房有限公司安宁连锁店','2021-01-15 05:09:04'),('1388546924','云南白药大药房有限公司宾川连锁店','2021-01-15 05:09:04'),('1390958900','云南白药大药房有限公司临沧连锁店','2021-01-15 05:09:04'),('1451446282','云南白药大药房有限公司兰坪连锁店','2021-01-15 05:09:04'),('1509384067','云南白药大药房有限公司禄丰连锁店','2021-01-15 05:09:04'),('20317728','云南白药集团股份有限公司北京分公司','2021-01-15 05:09:04'),('211364640','云南白药大药房有限公司麻园连锁店','2021-01-15 05:09:04'),('227112758','云南白药大药房有限公司金康园连锁店','2021-01-15 05:09:04'),('2321942434','云南白药大药房有限公司腾冲连锁店','2021-01-15 05:09:04'),('2335198631','云南白药大药房有限公司寻甸连锁店','2021-01-15 05:09:04'),('2350768018','长沙景嘉微电子股份有限公司南京分公司','2021-01-15 05:09:12'),('23510043','云南白药集团医药电子商务有限公司','2021-01-15 05:09:04'),('2410169647','长沙景嘉微电子股份有限公司上海分公司','2021-01-15 05:09:12'),('289627132','云南白药置业有限公司','2021-01-15 05:09:04'),('289627589','云南白药控股有限公司','2021-01-15 05:09:04'),('289629739','云南白药大药房有限公司','2021-01-15 05:09:04'),('289629847','云南白药大药房有限公司云县连锁店','2021-01-15 05:09:04'),('289629939','云南白药大药房有限公司楚雄连锁店','2021-01-15 05:09:04'),('289630284','云南白药大药房有限公司巍山连锁店','2021-01-15 05:09:04'),('289630383','云南白药大药房有限公司江东连锁店','2021-01-15 05:09:04'),('289630568','云南白药大药房有限公司呈贡连锁店','2021-01-15 05:09:04'),('289630650','云南白药大药房有限公司佳园连锁店','2021-01-15 05:09:04'),('289630673','云南白药大药房有限公司安康园连锁店','2021-01-15 05:09:04'),('289630772','云南白药大药房有限公司武定连锁店','2021-01-15 05:09:04'),('289630866','云南白药大药房有限公司佴家湾连锁店','2021-01-15 05:09:04'),('289630913','云南白药大药房有限公司昭通连锁店','2021-01-15 05:09:04'),('289630948','云南白药大药房有限公司秋苑连锁店','2021-01-15 05:09:04'),('289630991','云南白药大药房有限公司新迎连锁店','2021-01-15 05:09:04'),('289631158','云南白药大药房有限公司易门连锁店','2021-01-15 05:09:04'),('289631279','云南白药大药房有限公司茨坝连锁店','2021-01-15 05:09:04'),('289631478','云南白药大药房有限公司新闻路连锁店','2021-01-15 05:09:04'),('289631574','云南白药大药房有限公司南华连锁店','2021-01-15 05:09:04'),('289631836','云南白药大药房有限公司弥勒连锁店','2021-01-15 05:09:04'),('289632142','云南白药大药房有限公司金庭连锁店','2021-01-15 05:09:04'),('289632225','云南白药大药房有限公司东华连锁店','2021-01-15 05:09:04'),('289632337','云南白药大药房有限公司梁源连锁店','2021-01-15 05:09:04'),('289632521','云南白药大药房有限公司建水连锁店','2021-01-15 05:09:04'),('289632668','云南白药大药房有限公司元江连锁店','2021-01-15 05:09:04'),('289632675','云南白药大药房有限公司永昌连锁店','2021-01-15 05:09:04'),('289633013','云南白药大药房有限公司丘北连锁店','2021-01-15 05:09:04'),('289633027','云南白药大药房有限公司凤仪连锁店','2021-01-15 05:09:04'),('289633143','云南白药大药房有限公司永胜连锁店','2021-01-15 05:09:04'),('289633474','云南白药大药房有限公司江川连锁店','2021-01-15 05:09:04'),('289633539','云南白药大药房有限公司黑林铺连锁店','2021-01-15 05:09:04'),('289633579','云南白药大药房有限公司红塔连锁店','2021-01-15 05:09:04'),('289633613','云南白药大药房有限公司西华连锁店','2021-01-15 05:09:04'),('289633672','云南白药大药房有限公司西坝连锁店','2021-01-15 05:09:04'),('289633774','云南白药大药房有限公司金星连锁店','2021-01-15 05:09:04'),('289634207','云南白药大药房有限公司鹤庆连锁店','2021-01-15 05:09:04'),('289634319','云南白药大药房有限公司施甸连锁店','2021-01-15 05:09:04'),('289634338','云南白药大药房有限公司玉溪连锁店','2021-01-15 05:09:04'),('289634424','云南白药大药房有限公司师宗连锁店','2021-01-15 05:09:04'),('289634460','云南白药大药房有限公司祥云连锁店','2021-01-15 05:09:04'),('289634474','云南白药大药房有限公司芒市连锁店','2021-01-15 05:09:04'),('289634622','云南白药大药房有限公司马街连锁店','2021-01-15 05:09:04'),('289634689','云南白药大药房有限公司盈江连锁店','2021-01-15 05:09:04'),('289635032','云南白药大药房有限公司大板桥连锁店','2021-01-15 05:09:04'),('289635130','云南白药大药房有限公司宜良连锁店','2021-01-15 05:09:04'),('289635205','云南白药大药房有限公司江岸连锁店','2021-01-15 05:09:04'),('289635290','云南白药大药房有限公司下关人民北路连锁店','2021-01-15 05:09:04'),('289635532','云南白药大理置业有限公司','2021-01-15 05:09:04'),('289635710','云南白药控股投资有限公司','2021-01-15 05:09:04'),('289664480','云南白药集团股份有限公司中药饮片分公司','2021-01-15 05:09:04'),('289675991','云南白药清逸堂实业有限公司','2021-01-15 05:09:04'),('2980825151','云南白药集团丽江药业有限公司经营分公司','2021-01-15 05:09:04'),('303762716','云南白药大药房有限公司通海连锁店','2021-01-15 05:09:04'),('3069562037','云南白药集团太安生物科技产业有限公司','2021-01-15 05:09:04'),('3091454805','长沙景嘉微电子股份有限公司石家庄分公司','2021-01-15 05:09:12'),('315246116','云南白药集团楚雄健康产品有限公司','2021-01-15 05:09:04'),('315246181','云南白药集团健康产品有限公司','2021-01-15 05:09:04'),('3467738770','云南白药集团上海科技有限公司','2021-01-15 05:09:04'),('3487221372','云南白药集团上海有限公司','2021-01-15 05:09:04'),('354087518','云南白药集团丽江药业有限公司','2021-01-15 05:09:04'),('354087629','云南白药集团中药资源有限公司','2021-01-15 05:09:04'),('358459011','云南白药集团大理药业有限责任公司','2021-01-15 05:09:04'),('387502620','云南白药大药房有限公司下关北站连锁店','2021-01-15 05:09:04'),('392802919','云南白药大药房有限公司丽江连锁店','2021-01-15 05:09:04'),('395460940','云南白药大药房有限公司瑞丽连锁店','2021-01-15 05:09:04'),('4053755634','云南白药集团（海南）有限公司','2021-01-15 05:09:04'),('549442539','云南白药大药房有限公司嵩明连锁店','2021-01-15 05:09:04'),('550308532','云南白药天颐茶源临沧庄园有限公司','2021-01-15 05:09:04'),('553669152','云南白药大药房有限公司峨山连锁店','2021-01-15 05:09:04'),('566714653','云南白药大药房有限公司保山保岫连锁店','2021-01-15 05:09:04'),('567923541','云南白药大药房有限公司澄江连锁店','2021-01-15 05:09:04'),('575804787','云南白药大药房有限公司石林连锁店','2021-01-15 05:09:04'),('587928125','云南白药集团文山七花有限责任公司经营分公司','2021-01-15 05:09:04'),('587928202','云南白药集团文山七花有限责任公司','2021-01-15 05:09:04'),('587928996','云南白药大药房有限公司六库连锁店','2021-01-15 05:09:04'),('627366158','云南白药大药房有限公司大理连锁店','2021-01-15 05:09:04'),('633319433','云南白药大药房有限公司昆阳连锁店','2021-01-15 05:09:04'),('7628734','长沙景嘉微电子股份有限公司','2021-01-15 05:09:12'),('985657468','云南白药大药房有限公司通海西街连锁店','2021-01-15 05:09:04');
/*!40000 ALTER TABLE `company` ENABLE KEYS */;
UNLOCK TABLES;

--
-- Table structure for table `company_executive`
--

DROP TABLE IF EXISTS `company_executive`;
/*!40101 SET @saved_cs_client     = @@character_set_client */;
/*!50503 SET character_set_client = utf8mb4 */;
CREATE TABLE `company_executive` (
  `id` int NOT NULL AUTO_INCREMENT,
  `company_id` varchar(20) DEFAULT NULL,
  `group_id` int NOT NULL,
  `position` varchar(50) NOT NULL,
  `start_date` date NOT NULL,
  `end_date` date NOT NULL,
  `report_date` date NOT NULL,
  `mod_time` datetime DEFAULT CURRENT_TIMESTAMP,
  `person_id` varchar(20) NOT NULL,
  PRIMARY KEY (`id`),
  KEY `ix_company_executive_group_id` (`group_id`),
  KEY `ix_company_executive_company_id` (`company_id`),
  KEY `ix_company_executive_person_id` (`person_id`),
  CONSTRAINT `company_executive_ibfk_1` FOREIGN KEY (`company_id`) REFERENCES `company` (`company_id`),
  CONSTRAINT `company_executive_ibfk_2` FOREIGN KEY (`group_id`) REFERENCES `executive_group` (`group_id`),
  CONSTRAINT `company_executive_ibfk_3` FOREIGN KEY (`person_id`) REFERENCES `company_person` (`id`)
) ENGINE=InnoDB AUTO_INCREMENT=38 DEFAULT CHARSET=utf8;
/*!40101 SET character_set_client = @saved_cs_client */;

--
-- Dumping data for table `company_executive`
--

LOCK TABLES `company_executive` WRITE;
/*!40000 ALTER TABLE `company_executive` DISABLE KEYS */;
INSERT INTO `company_executive` VALUES (1,'10614474',1,'董事长,董事','2004-05-26','2022-08-20','2019-08-23','2021-01-15 05:09:09','2071868199'),(2,'10614474',1,'联席董事长,董事','2019-08-21','2022-08-20','2019-08-23','2021-01-15 05:09:09','2249579009'),(3,'10614474',1,'副董事长,董事','2019-08-21','2022-08-20','2019-08-23','2021-01-15 05:09:09','2041380866'),(4,'10614474',1,'董事','2012-04-24','2022-08-20','2019-08-22','2021-01-15 05:09:09','2001301903'),(5,'10614474',1,'董事','2012-04-24','2022-08-20','2019-08-22','2021-01-15 05:09:09','1980908511'),(6,'10614474',1,'董事','2019-08-21','2022-08-20','2019-08-22','2021-01-15 05:09:09','2255758474'),(7,'10614474',1,'董事','2019-08-21','2022-08-20','2019-08-22','2021-01-15 05:09:09','2109691811'),(8,'10614474',1,'独立董事','2019-08-21','2022-08-20','2019-08-22','2021-01-15 05:09:09','1928451910'),(9,'10614474',1,'独立董事','2019-08-21','2022-08-20','2019-08-22','2021-01-15 05:09:09','1948391151'),(10,'10614474',1,'独立董事','2019-08-21','2022-08-20','2019-08-22','2021-01-15 05:09:09','1899028059'),(11,'10614474',2,'监事会主席','2017-07-20','2022-08-20','2019-08-23','2021-01-15 05:09:09','2052091013'),(12,'10614474',2,'监事','2019-08-21','2022-08-20','2019-08-23','2021-01-15 05:09:09','2233905849'),(13,'10614474',2,'监事','2019-08-21','2022-08-20','2019-08-22','2021-01-15 05:09:09','1849316975'),(14,'10614474',2,'职工监事','2009-04-23','2022-08-20','2019-08-23','2021-01-15 05:09:09','1780948336'),(15,'10614474',2,'职工监事','2019-08-21','2022-08-20','2019-08-23','2021-01-15 05:09:09','3485253374'),(16,'10614474',3,'董事会秘书,高级副总裁,财务总监','2009-04-23','2022-08-20','2019-08-23','2021-01-15 05:09:09','1843327055'),(17,'10614474',3,'高级副总裁,首席运营官','2019-08-21','2022-08-20','2019-08-23','2021-01-15 05:09:09','1898364261'),(18,'10614474',3,'高级副总裁','2009-04-23','2022-08-20','2019-08-23','2021-01-15 05:09:09','2353533059'),(19,'10614474',3,'技术总监','2009-04-23','2022-08-20','2019-08-23','2021-01-15 05:09:09','1980518660'),(20,'10614474',3,'人力资源总监','2009-04-23','2022-08-20','2019-08-23','2021-01-15 05:09:09','1784635251'),(21,'10614474',3,'研发总监','2013-03-17','2022-08-20','2019-08-23','2021-01-15 05:09:09','1971863023'),(22,'10614474',3,'副总经理','2009-04-23','2022-08-20','2019-08-23','2021-01-15 05:09:09','2078701805'),(23,'10614474',3,'副总经理','2009-04-23','2022-08-20','2019-08-23','2021-01-15 05:09:09','2097487706'),(24,'7628734',1,'董事长,董事,总经理','2015-03-19','2021-03-05','2018-03-06','2021-01-15 05:09:18','1967503960'),(25,'7628734',1,'副董事长,董事','2015-03-19','2021-03-05','2018-03-06','2021-01-15 05:09:18','1864220216'),(26,'7628734',1,'董事,常务副总经理','2020-05-19','2021-03-05','2020-05-19','2021-01-15 05:09:18','1784521341'),(27,'7628734',1,'独立董事','2017-04-19','2021-03-05','2018-03-06','2021-01-15 05:09:18','1784807323'),(28,'7628734',1,'独立董事','2018-02-05','2021-03-05','2018-03-06','2021-01-15 05:09:18','2188376281'),(29,'7628734',1,'独立董事','2018-04-02','2021-03-05','2018-04-02','2021-01-15 05:09:18','1777091407'),(30,'7628734',1,'董事','2019-02-15','2021-03-05','2019-02-15','2021-01-15 05:09:18','2194176003'),(31,'7628734',2,'监事会主席','2018-02-05','2021-03-05','2018-03-06','2021-01-15 05:09:18','2274303717'),(32,'7628734',2,'监事','2015-03-19','2021-03-05','2018-03-06','2021-01-15 05:09:18','2270892075'),(33,'7628734',2,'职工监事','2017-03-17','2021-03-05','2018-02-23','2021-01-15 05:09:18','2344774690'),(34,'7628734',3,'副总裁','2020-05-29','2021-03-05','2020-05-29','2021-01-15 05:09:18','2226152684'),(35,'7628734',3,'财务总监','2015-03-19','2021-03-05','2018-03-06','2021-01-15 05:09:18','2114285714'),(36,'7628734',3,'副总经理','2015-03-19','2021-03-05','2018-03-06','2021-01-15 05:09:18','2123889506'),(37,'7628734',3,'董事会秘书','2015-03-19','2021-03-05','2018-03-06','2021-01-15 05:09:18','1917297551');
/*!40000 ALTER TABLE `company_executive` ENABLE KEYS */;
UNLOCK TABLES;

--
-- Table structure for table `company_illegals`
--

DROP TABLE IF EXISTS `company_illegals`;
/*!40101 SET @saved_cs_client     = @@character_set_client */;
/*!50503 SET character_set_client = utf8mb4 */;
CREATE TABLE `company_illegals` (
  `id` varchar(20) NOT NULL,
  `company_id` varchar(20) DEFAULT NULL,
  `disposer` varchar(50) DEFAULT NULL,
  `default_type` varchar(10) DEFAULT NULL,
  `illegal_act_withlink` text,
  `punish_type` varchar(10) DEFAULT NULL,
  `punish_explain_withlink` text,
  `punish_object` varchar(20) DEFAULT NULL,
  `announcement_date` date DEFAULT NULL,
  `currency_unit` varchar(10) DEFAULT NULL,
  `mod_time` datetime DEFAULT CURRENT_TIMESTAMP,
  PRIMARY KEY (`id`),
  KEY `ix_company_illegals_company_id` (`company_id`),
  CONSTRAINT `company_illegals_ibfk_1` FOREIGN KEY (`company_id`) REFERENCES `company` (`company_id`)
) ENGINE=InnoDB DEFAULT CHARSET=utf8;
/*!40101 SET character_set_client = @saved_cs_client */;

--
-- Dumping data for table `company_illegals`
--

LOCK TABLES `company_illegals` WRITE;
/*!40000 ALTER TABLE `company_illegals` DISABLE KEYS */;
INSERT INTO `company_illegals` VALUES ('18499221','7628734','深圳证券交易所','其他','经查明,张玲存在以下违规行为:2015年10月22日,因<a href=\"https://www.tianyancha.com/company/96500110\" target=\"_blank\" data-type=\"company\">杭州天目山药业股份有限公司</a>（以下简称“天目药业”）信息披露违反证券法律法规,张玲作为天目药业时任独立董事被浙江证监局给予警告的行政处罚。前述行政处罚决定作出时,张玲同时担任<a href=\"https://www.tianyancha.com/company/411707318\" target=\"_blank\" data-type=\"company\">永清环保股份有限公司</a>（以下简称“永清环保”）第三届董事会独立董事,其向本所提交的《董事声明及承诺书》中声明“不存在曾违反《证券法》等证券法律、行政法规受到行政处罚的情形”,但未在前述声明事项发生变化之日起五个交易日内向本所和公司董事会提交有关资料。之后,张玲分别于2017年3月29日、2018年2月23日被提名担任景嘉微第二届、第三届董事会独立董事以及2017年8月9日被提名担任永清环保第四届董事会独立董事时,通过景嘉微、永清环保披露的《独立董事候选人声明》以及向本所提交的《上市公司独立董事履历表》中,均未如实披露曾受到浙江证监局行政处罚的事实。在当选景嘉微第二届、第三届董事会独立董事,永清环保第四届董事会独立董事后,其向本所提交的《董事声明及承诺书》中声明“不存在曾违反《证券法》等证券法律、行政法规受到行政处罚的情形”,与事实不符。此外,张玲在被提名担任<a href=\"https://www.tianyancha.com/company/2355614\" target=\"_blank\" data-type=\"company\">爱尔眼科医院集团股份有限公司</a>第二届董事会独立董事,永清环保第三届、第四届董事会独立董事,景嘉微第二届、第三届董事会独立董事时,向本所提交的《上市公司独立董事履历表》中民族、教育背景、工作经历、兼职单位和董事经历等部分存在多处与事实不符和遗漏的情形。张玲的上述行为违反了本所《创业板股票上市规则（2014年修订）》第1.4条、第2.1条、第3.1.3条、第3.1.4条,《创业板上市公司规范运作指引（2015年修订）》3.2.7条,《独立董事备案办法（2011年修订）》第三条、第七条,《独立董事备案办法（2017年修订）》第三条、第八条的规定。','通报批评','鉴于上述违规事实及情节,依据本所《创业板股票上市规则(2014年修订)》和《创业板股票上市规则(2018年11月修订)》第16.3条的规定,经本所纪律处分委员会审议通过,本所作出对张玲给予通报批评的处分决定。','公司独立董事张玲','2019-10-15',NULL,'2021-01-15 05:09:18'),('3097984946','7628734','中国证券监督管理委员会','其他','经查,我会发现你公司在申请非公开发行股票过程中,存在申报时未能发现并披露你公司原独立董事张玲曾被行政处罚事实的情形。','其他','违反了《上市公司信息披露管理办法》(证监会令第40号)第二条的规定,按照《上市公司信息披露管理办法》第五十九条的规定,我会决定对你公司采取出具警示函的行政监督管理措施。','本公司','2018-09-26',NULL,'2021-01-15 05:09:18');
/*!40000 ALTER TABLE `company_illegals` ENABLE KEYS */;
UNLOCK TABLES;

--
-- Table structure for table `company_person`
--

DROP TABLE IF EXISTS `company_person`;
/*!40101 SET @saved_cs_client     = @@character_set_client */;
/*!50503 SET character_set_client = utf8mb4 */;
CREATE TABLE `company_person` (
  `id` varchar(20) NOT NULL,
  `name` varchar(5) NOT NULL,
  `age` int DEFAULT NULL,
  `sex` varchar(1) DEFAULT '男',
  `education` varchar(5) DEFAULT NULL,
  `resume` text,
  `mod_time` datetime DEFAULT CURRENT_TIMESTAMP,
  PRIMARY KEY (`id`)
) ENGINE=InnoDB DEFAULT CHARSET=utf8;
/*!40101 SET character_set_client = @saved_cs_client */;

--
-- Dumping data for table `company_person`
--

LOCK TABLES `company_person` WRITE;
/*!40000 ALTER TABLE `company_person` DISABLE KEYS */;
INSERT INTO `company_person` VALUES ('1777091407','伍志英',36,'女','大专','伍志英女士,1984年出生,中国注册会计师,大专学历,中国国籍,无境外永久居留权。现任长沙华税税务师事务所有限公司财务经理。此简介更新于2018-04-02','2021-01-15 05:09:18'),('1780948336','何映霞',49,'女','硕士','何映霞,女,生于1972年3月,在职研究生学历,中共党员,政工师。1989年12月参加工作,历任云南白药车间工人、西南片区销售副经理、集团团委副书记、工会副主席、党群工作部部长、纪委副书记、工会主席。现任云南白药集团工会副主席、女工委主任、党群工作部部长、集团本部第一党支部书记,呈贡区第三届人大常委会委员,省总工会第十二届委员会委员、第六届女工委常委,中华全国总工会第十七届执行委员会委员、云南白药集团股份有限公司监事。此简介更新于2019-08-23','2021-01-15 05:09:09'),('1784521341','余圣发',48,'男','硕士','余圣发先生,1972年出生,毕业于国防科学技术大学信息与通信系统专业,硕士学历,中国国籍,无境外居留权。1996年至2006年在国防科学技术大学科研部担任讲师。2007年起在公司工作,现任长沙景嘉微电子股份有限公司常务副总经理、技术委员会委员。此简介更新于2020-05-19','2021-01-15 05:09:18'),('1784635251','余娟',49,'女','本科','余娟,女,生于1972年1月,大学本科,高级人力资源管理师。历任云南白药集团医药电子商务有限公司行政部经理,云南白药集团股份有限公司行政人事部经理,人力资源部经理兼透皮产品事业部副总经理。现任云南白药集团股份有限公司人力资源总监。此简介更新于2019-08-23','2021-01-15 05:09:09'),('1784807323','余小游',51,'男','博士','余小游先生,1969年9月出生,毕业于国防科技大学信息与通信工程专业,博士学历,副教授职称,中国国籍,无境外永久居留权,现任湖南大学副教授。此简介更新于2018-03-06','2021-01-15 05:09:18'),('1843327055','吴伟',51,'男','硕士','吴伟,男,生于1970年6月,硕士,高级会计师,取得董事会秘书资格证。历任云南白药集团股份有限公司资产财务会计、副部长、部长、董事会证券事务代表。现任云南白药集团股份有限公司财务总监兼董事会秘书。此简介更新于2019-08-23','2021-01-15 05:09:09'),('1849316975','吴群',33,'男','硕士','吴群先生:1988年出生,研究生学历,曾任职苏州索尼液晶显示器有限公司生产企划部担任经理助理职务,云南白药控股有限公司董事,2011年7月入职江苏鱼跃医疗设备股份有限公司,曾任职江苏鱼跃医疗设备股份有限公司电子商务部经理,2013年9月至2020年10月任职江苏鱼跃医疗设备股份有限公司副董事长,2019年4月至今担任江苏鱼跃医疗设备股份有限公司总裁,现任江苏鱼跃医疗设备股份有限公司董事长,兼任北京万东医疗科技股份有限公司副董事长,云南白药集团股份有限公司监事。此简介更新于2019-08-22','2021-01-15 05:09:09'),('1864220216','喻丽丽',52,'女','高中','喻丽丽女士,1968年出生,高中学历,中国国籍,无境外居留权。1988年至2006年历任广州市广空汽车配件经营部经理、北京新神剑经济技术发展公司办公室副主任,2006年起在北麦公司担任领导职务,现任长沙景嘉微电子股份有限公司副董事长。此简介更新于2018-03-06','2021-01-15 05:09:18'),('1898364261','尹品耀',52,'男','本科','尹品耀,男,生于1969年5月,大学本科,高级经济师。历任昆明制药股份有限公司财务部副经理、销售管理部经理,昆明制药药品销售有限公司财务部经理、销售服务部经理,云南白药集团医药电子商务有限公司财务部经理、云南白药集团股份有限公司资产财务部部长、副总裁兼财务总监、董事会秘书、董事。现任云南白药集团股份有限公司总经理。于2019年9月12日获委任为万隆控股集团有限公司执行董事。此简介更新于2019-08-23','2021-01-15 05:09:09'),('1899028059','尹晓冰',47,'男','博士','尹晓冰,男,汉族,1974年7月出生,经济学博士,财务学副教授,注册会计师,美国麻省理工斯隆管理学院高级访问学者。曾任云南罗平锌电股份有限公司独立董事,云南云投生态股份有限公司独立董事,云南煤业能源股份有限公司独立董事,云南白药集团股份有限公司外部董事。现任云南大学工商管理与旅游管理学院财务管理系主任,云南白药集团股份有限公司独立董事、云南铜业股份有限公司独立董事、云南锡业股份有限公司第八届董事会独立董事、审计委员会召集人、绩效薪酬委员会委员,昆明土地开发投资公司外部董事,昆明滇池水务股份有限公司外部董事,昆明经济技术开发区投资开发(集团)有限公司外部董事,昆明中北融资担保有限公司董事长,云南天枢玉衡股权投资基金管理有限公司总经理、昆明盘龙区国投公司外部董事,入选云南省国资委及昆明市国资委外部董事库、云南省人大财经委咨询专家。此简介更新于2019-08-22','2021-01-15 05:09:09'),('1917297551','廖凯',39,'男','硕士','廖凯先生,1981年出生,毕业于湘潭大学,硕士学历,中国国籍,无境外居留权。2004年至2013年曾先后在湖南省公民信息管理局、长沙兴嘉生物工程股份有限公司工作。2013年3月至今任职于公司,现任长沙景嘉微电子股份有限公司董事会秘书。此简介更新于2018-03-06','2021-01-15 05:09:18'),('1928451910','张永良',53,'男','硕士','张永良,男,生于1968年3月,法律、法学硕士,执业律师。历任中国证监会第四届、第五届上市公司并购重组审核委员会委员。现任金杜律师事务所合伙人,主要执业领域为公司并购、证券、国际投资等。此简介更新于2019-08-22','2021-01-15 05:09:09'),('1948391151','戴扬',52,'男','本科','戴扬,男,生于1969年1月,大学本科。历任中国证监会西藏证监局副主任科员、主任科员、综合处副处长、办公室(党办)副主任、主任及上市公司监管处处长,西藏矿业发展股份有限公司党委副书记、总经理、党委书记、董事长,永泰集团有限公司副总裁,海南海德实业股份有限公司董事长、副董事长。此简介更新于2019-08-22','2021-01-15 05:09:09'),('1967503960','曾万辉',50,'男','硕士','曾万辉先生,1970年出生,毕业于国防科技大学微波与毫米波技术专业,硕士学历,中国国籍,无境外居留权。1995年至2005年在北京新神剑经济技术发展有限公司担任市场部经理,2006年起在公司担任领导职务,现任长沙景嘉微电子股份有限公司董事长、总经理。此简介更新于2018-03-06','2021-01-15 05:09:18'),('1971863023','朱兆云',67,'女','本科','朱兆云,女,生于1954年3月,正高级工程师。历任大理州医药公司任副经理、党委委员;云南省药材公司质检科长;云南省医药工业公司副经理,党委委员,兼云南植物药厂总工,云南省医药产品监测站站长。现任云南省药物研究所所长、党委书记,云南白药集团股份有限公司研发总监。此简介更新于2019-08-23','2021-01-15 05:09:09'),('1980518660','李劲',56,'男','硕士','李劲,男,生于1965年8月,工商管理硕士,高级工程师。历任副总工程师兼技术部部长、云南白药集团天紫红药业有限公司总经理。现任云南白药集团股份有限公司纪委书记、技术质量总监。此简介更新于2019-08-23','2021-01-15 05:09:09'),('1980908511','李双友',53,'男','本科','李双友先生:1968年12月出生,本科,高级会计师。李双友先生曾任玉溪卷烟厂计财统计科科员,云南红塔集团有限公司计划财务科科长、副总经理、党委书记、董事;现任云南合和(集团)股份有限公司副总经理,兼任云南红塔银行股份有限公司董事、云南白药集团股份有限公司董事、昆药集团股份有限公司副董事长、云南旅游股份有限公司董事、华泰保险集团股份有限公司董事、红塔创新投资股份有限公司董事长、云南昆玉高速公路开发有限公司董事、云南安晋高速公路开发有限公司董事、云南红塔滇西水泥股份有限公司董事长、华能澜沧江水电股份有限公司副董事长、一汽红塔云南汽车制造有限公司董事、中维资本控股股份有限公司董事。此简介更新于2019-08-22','2021-01-15 05:09:09'),('2001301903','杨昌红',58,'男','本科','杨昌红,男,生于1963年7月,大学本科,高级工程师。历任大理师专讲师、云南省分析测试中心高级工程师、云南白药集团股份有限公司企业发展部部长、总裁(总经理)助理、董事、常务副总裁。现任云南白药集团股份有限公司执行董事、云南白药控股有限公司党委副书记兼副总经理。此简介更新于2019-08-22','2021-01-15 05:09:09'),('2041380866','汪戎',67,'男','博士','汪戎,男,生于1954年10月,博士研究生学历,云南财经大学教授,管理学博士生导师。历任云南大学经济学院副院长、副校长;云南财经大学校长、党委书记;云南财经大学印度洋中心教授、首席专家;泰国正大商学院博士生导师;全国MBA教学指导委员会委员,教育部经济学教学指导委员会委员;云南铜业独立董事、云天化和云南建工外部董事。现任云南白药控股有限公司董事,副董事长。此简介更新于2019-08-23','2021-01-15 05:09:09'),('2052091013','游光辉',50,'男','本科','游光辉,男,生于1971年12月,本科,注册管理会计师(CMA),高级企业文化师。历任福建兴业银行武夷山支行主办会计,新华都工程有限责任公司主办会计、财务科长,福建武夷山旅游发展股份有限公司监事、计划财务部副经理、经理,福建武夷山旅游发展股份公司董事、财务总监。新疆喀纳斯旅游股份有限公司监事。现任云南白药控股有限公司财务总监,云南白药集团股份有限公司监事会主席。此简介更新于2019-08-23','2021-01-15 05:09:09'),('2071868199','王明辉',59,'男','硕士','王明辉,男,生于1962年4月,研究生,高级经济师。历任宾川县医药公司主持工作副经理,昆明制药厂计划经营科副科长,昆明制药厂劳动服务公司经理,昆明贝克诺顿制药有限公司副总经理,昆明八达实业总公司董事长、总经理,昆明制药股份有限公司董事、副总裁,云南医药集团有限公司总经理,云南云药有限公司董事长、总经理,云南白药集团股份有限公司董事长、总裁。现任云南白药集团股份有限公司董事长、云南白药控股有限公司总经理。于2019年9月12日获委任为万隆控股集团有限公司执行董事及董事会主席。此简介更新于2019-08-23','2021-01-15 05:09:09'),('2078701805','王锦',51,'女','硕士','王锦,女,生于1970年3月,研究生学历。历任云南白药集团医药电子商务有限公司东北分公司经理、客户服务部经理、学术推广部经理、云南白药集团商务部总经理兼学术推广部总经理、云南白药控股有限公司党委副书记。现任云南白药集团股份有限公司副总经理兼药品事业部总经理。此简介更新于2019-08-23','2021-01-15 05:09:09'),('2097487706','秦皖民',57,'男','硕士','秦皖民,男,生于1964年12月,医学硕士。历任云南白药集团医药电子商务有限公司市场部经理、副总经理,云南白药集团股份有限公司总经理助理。现任云南白药集团股份有限公司副总经理兼健康产品事业部总经理。此简介更新于2019-08-23','2021-01-15 05:09:09'),('2109691811','纳鹏杰',56,'男','博士','纳鹏杰,男,生于1965年1月。云南财经大学教授、博导,云南省中青年学术与技术带头人。西南财经大学博士、中山大学博士后。2000年至2014年历任云南财贸学院投资研究所副所长,云南财经大学投资研究所所长、MBA教育学院院长及商学院党委书记。历任锡业股份、景谷林业、云南盐化、罗平锌电、云南地矿、滇西水泥等公司独立董事,现任云南白药控股有限公司董事,贵研铂业股份有限公司独立董事,云南省工业投资控股集团有限责任公司外部董事,昆明自来水集团有限公司外部董事。此简介更新于2019-08-22','2021-01-15 05:09:09'),('2114285714','罗竞成',53,'男','硕士','罗竞成先生,1967年出生,毕业于湖南大学会计系,本科学历,湖南大学MBA,中国国籍,无境外居留权。1989年至2007年先后在深石化株洲塑胶公司担任会计主管,在株洲盛鑫冰晶石公司担任财务部经理。2008年起在公司工作,现任长沙景嘉微电子股份有限公司财务总监。此简介更新于2018-03-06','2021-01-15 05:09:18'),('2123889506','胡亚华',51,'男','硕士','胡亚华先生,1969年出生,毕业于国防科学技术大学通信与电子系统专业,硕士学历,中国国籍,无境外居留权。1995年至2005年先后在国防科学技术大学电子技术系担任助教、讲师,在湖南中芯数字技术有限公司担任研发部经理。2006年起在公司担任领导职务,现任长沙景嘉微电子股份有限公司副总经理、技术委员会委员。此简介更新于2018-03-06','2021-01-15 05:09:18'),('2188376281','赖湘军',48,'男','本科','赖湘军先生,1972年2月出生,毕业于湖南政法管理干部学院经济法专业,中央党校函授学院经济管理专业,本科学历,律师职称,中国国籍,无境外永久居留权。曾任中联重科股份有限公司工起事业部风控部主管,从事风险控制及公关危机处理。现任湖南善上律师事务所专职律师。此简介更新于2018-03-06','2021-01-15 05:09:18'),('2194176003','赵烨',40,'男','硕士','赵烨,男,1980年出生,中国国籍,无境外永久居留权,硕士学历。2006年至2008年任北京挺立专利事务所(普通合伙)经理;2010年至2014年任华人文化产业投资基金投资经理;2014年10月至今任华芯投资管理有限责任公司投资二部副总经理;现任国芯科技董事、华芯投资管理有限责任公司投资二部副总经理、湖南国科微电子股份有限公司董事、赛莱克斯微系统科技(北京)有限公司董事、江苏芯盛智能科技有限公司董事、兆易创新董事、长沙景嘉微电子股份有限公司董事、北京赛微电子股份有限公司董事、瑞芯微电子股份有限公司董事。此简介更新于2019-02-15','2021-01-15 05:09:18'),('2226152684','郭海',35,'男','本科','郭海先生,1985年出生,毕业于中南林业科技大学,计算机科学与技术专业,本科学历,中国国籍,无境外居留权。2008年至今,先后担任公司产品管理部加固图卡平台经理、研发中心副主任、研发中心主任、总工程师。现任长沙景嘉微电子股份有限公司副总裁。此简介更新于2020-05-29','2021-01-15 05:09:18'),('2233905849','钟杰',57,'男','硕士','钟杰,男,生于1964年3月,硕士研究生学历,经济师。曾任云南省纺织科研所职员,云南省纺织工业局基建处科员、副主任科员,云南省经贸委技术改造处主任科员、工业二处副处长,云南省国资委产权管理处副处长,云南省国有企业监事会工作办公室第六监事会主任监事,云南解化集团有限公司副总经理,云南省工业投资控股集团公司监事会主席,云南省国资委产权管理处处长。现任云南白药控股有限公司监事会主席,云南白药集团股份有限公司监事。此简介更新于2019-08-23','2021-01-15 05:09:09'),('2249579009','陈发树',61,'男','','陈发树,男,生于1960年10月。新华都集团的主要出资人和创办人,现任云南白药集团股份有限公司董事长,新华都咨询法定代表人及执行董事,新华都房地产开发有限公司董事长,新华都集团(中国香港)董事、法定代表人,福建省发树慈善基金会理事长,云南白药控股有限公司法人代表、董事长。此简介更新于2019-08-23','2021-01-15 05:09:09'),('2255758474','陈焱辉',35,'男','本科','陈焱辉,男,生于1986年4月,大学本科。现任云南白药集团股份有限公司董事,兼任新华都集团(上海)投资有限公司、保亭半山半岛雨林地产有限公司、昆明德和罐头食品有限责任公司法人代表、董事长。此简介更新于2019-08-22','2021-01-15 05:09:09'),('2270892075','韩淑云',64,'女','硕士','韩淑云女士,1956年3月出生,毕业于清华大学,硕士学历,中国国籍,无境外居留权。1971年至2003年先后在辽宁省康平县县委办公室、武汉钢铁公司、冶金工业部、中国技术进出口总公司、西班牙奇米赛尔公司上海公司工作,2003年至今在和易陶瓷(上海)有限公司担任执行董事。此简介更新于2018-03-06','2021-01-15 05:09:18'),('2274303717','顾菊香',41,'女','硕士','顾菊香女士,1979年11月出生,毕业于湖南师范大学英语专业,本科学历,中南大学MBA在读。中国国籍,无境外永久居留权。现聘于湖南省对外科技交流中心。此简介更新于2018-03-06','2021-01-15 05:09:18'),('2344774690','陈怒兴',51,'男','博士','陈怒兴先生,1969年出生,毕业于国防科技大学通信与电子系统专业,博士学历,副教授职称,中国国籍,无境外居留权。1998年至2008年在国防科技大学担任助理研究员、副教授;2009年起在公司工作,现为公司首席芯片专家、技术委员会委员。此简介更新于2018-02-23','2021-01-15 05:09:18'),('2353533059','杨勇',57,'男','本科','杨勇,男,生于1964年12月,大学本科。历任云南省医药公司副总经理、云南白药集团股份有限公司董事。现任云南白药集团股份有限公司副总经理兼云南省医药有限公司总经理。此简介更新于2019-08-23','2021-01-15 05:09:09'),('3485253374','屈华曦',55,'男','本科','屈华曦,男,生于1966年6月,中共党员,省委党校大学学历,讲师。1988年8月参加工作,历任思茅市孟连县委办公室干部、思茅市孟连县腊垒乡党委副书记、云南省扶贫办综合处主任科员(科长)、云南省扶贫办小额信贷处副调研员、云南省扶贫办项目管理处副处长、云南省扶贫办计划财务处处长(其间担任楚雄州武定县新农村工作总队队长,挂任县委副书记)、云南省扶贫办异地扶贫开发处处长、云南省供销合作社联合社纪检组组长、党组成员。2016年8月调至云南白药控股有限公司。现任云南白药集团股份有限公司工会主席。此简介更新于2019-08-23','2021-01-15 05:09:09');
/*!40000 ALTER TABLE `company_person` ENABLE KEYS */;
UNLOCK TABLES;

--
-- Table structure for table `executive_group`
--

DROP TABLE IF EXISTS `executive_group`;
/*!40101 SET @saved_cs_client     = @@character_set_client */;
/*!50503 SET character_set_client = utf8mb4 */;
CREATE TABLE `executive_group` (
  `group_id` int NOT NULL,
  `group_name` varchar(5) NOT NULL,
  PRIMARY KEY (`group_id`)
) ENGINE=InnoDB DEFAULT CHARSET=utf8;
/*!40101 SET character_set_client = @saved_cs_client */;

--
-- Dumping data for table `executive_group`
--

LOCK TABLES `executive_group` WRITE;
/*!40000 ALTER TABLE `executive_group` DISABLE KEYS */;
INSERT INTO `executive_group` VALUES (1,'董事会'),(2,'监事会'),(3,'高管');
/*!40000 ALTER TABLE `executive_group` ENABLE KEYS */;
UNLOCK TABLES;

--
-- Table structure for table `salary_table`
--

DROP TABLE IF EXISTS `salary_table`;
/*!40101 SET @saved_cs_client     = @@character_set_client */;
/*!50503 SET character_set_client = utf8mb4 */;
CREATE TABLE `salary_table` (
  `id` int NOT NULL AUTO_INCREMENT,
  `person_id` varchar(20) NOT NULL,
  `company_id` varchar(20) DEFAULT NULL,
  `money` varchar(10) DEFAULT NULL,
  `number_of_shares_with_unit` varchar(10) DEFAULT NULL,
  `mod_time` datetime DEFAULT CURRENT_TIMESTAMP,
  PRIMARY KEY (`id`),
  KEY `ix_salary_table_company_id` (`company_id`),
  KEY `ix_salary_table_person_id` (`person_id`),
  CONSTRAINT `salary_table_ibfk_1` FOREIGN KEY (`person_id`) REFERENCES `company_person` (`id`),
  CONSTRAINT `salary_table_ibfk_2` FOREIGN KEY (`company_id`) REFERENCES `company` (`company_id`)
) ENGINE=InnoDB AUTO_INCREMENT=38 DEFAULT CHARSET=utf8;
/*!40101 SET character_set_client = @saved_cs_client */;

--
-- Dumping data for table `salary_table`
--

LOCK TABLES `salary_table` WRITE;
/*!40000 ALTER TABLE `salary_table` DISABLE KEYS */;
INSERT INTO `salary_table` VALUES (1,'2071868199','10614474','31.21万','0','2021-01-15 05:09:09'),(2,'2249579009','10614474','0','894.8万股','2021-01-15 05:09:09'),(3,'2041380866','10614474','22.10万','0','2021-01-15 05:09:09'),(4,'2001301903','10614474','22.21万','0','2021-01-15 05:09:09'),(5,'1980908511','10614474','0','0','2021-01-15 05:09:09'),(6,'2255758474','10614474','18.69万','12.67万股','2021-01-15 05:09:09'),(7,'2109691811','10614474','18.67万','0','2021-01-15 05:09:09'),(8,'1928451910','10614474','8.570万','0','2021-01-15 05:09:09'),(9,'1948391151','10614474','8.570万','0','2021-01-15 05:09:09'),(10,'1899028059','10614474','8.570万','0','2021-01-15 05:09:09'),(11,'2052091013','10614474','17.57万','0','2021-01-15 05:09:09'),(12,'2233905849','10614474','17.51万','0','2021-01-15 05:09:09'),(13,'1849316975','10614474','6700','0','2021-01-15 05:09:09'),(14,'1780948336','10614474','69.58万','0','2021-01-15 05:09:09'),(15,'3485253374','10614474','17.43万','0','2021-01-15 05:09:09'),(16,'1843327055','10614474','169.5万','0','2021-01-15 05:09:09'),(17,'1898364261','10614474','247.4万','0','2021-01-15 05:09:09'),(18,'2353533059','10614474','183.0万','0','2021-01-15 05:09:09'),(19,'1980518660','10614474','102.7万','0','2021-01-15 05:09:09'),(20,'1784635251','10614474','123.0万','0','2021-01-15 05:09:09'),(21,'1971863023','10614474','100.0万','0','2021-01-15 05:09:09'),(22,'2078701805','10614474','182.7万','0','2021-01-15 05:09:09'),(23,'2097487706','10614474','182.7万','0','2021-01-15 05:09:09'),(24,'1967503960','7628734','57.01万','1460万股','2021-01-15 05:09:18'),(25,'1864220216','7628734','55.14万','9847万股','2021-01-15 05:09:18'),(26,'1784521341','7628734','56.69万','191.4万股','2021-01-15 05:09:18'),(27,'1784807323','7628734','6.000万','0','2021-01-15 05:09:18'),(28,'2188376281','7628734','6.000万','0','2021-01-15 05:09:18'),(29,'1777091407','7628734','6.000万','0','2021-01-15 05:09:18'),(30,'2194176003','7628734','0','0','2021-01-15 05:09:18'),(31,'2274303717','7628734','6.000万','0','2021-01-15 05:09:18'),(32,'2270892075','7628734','6.000万','0','2021-01-15 05:09:18'),(33,'2344774690','7628734','32.39万','278.9万股','2021-01-15 05:09:18'),(34,'2226152684','7628734','','0','2021-01-15 05:09:18'),(35,'2114285714','7628734','43.28万','6万股','2021-01-15 05:09:18'),(36,'2123889506','7628734','56.79万','1336万股','2021-01-15 05:09:18'),(37,'1917297551','7628734','37.37万','4.5万股','2021-01-15 05:09:18');
/*!40000 ALTER TABLE `salary_table` ENABLE KEYS */;
UNLOCK TABLES;
/*!40103 SET TIME_ZONE=@OLD_TIME_ZONE */;

/*!40101 SET SQL_MODE=@OLD_SQL_MODE */;
/*!40014 SET FOREIGN_KEY_CHECKS=@OLD_FOREIGN_KEY_CHECKS */;
/*!40014 SET UNIQUE_CHECKS=@OLD_UNIQUE_CHECKS */;
/*!40101 SET CHARACTER_SET_CLIENT=@OLD_CHARACTER_SET_CLIENT */;
/*!40101 SET CHARACTER_SET_RESULTS=@OLD_CHARACTER_SET_RESULTS */;
/*!40101 SET COLLATION_CONNECTION=@OLD_COLLATION_CONNECTION */;
/*!40111 SET SQL_NOTES=@OLD_SQL_NOTES */;

-- Dump completed on 2021-01-15  5:20:13
